Party,Vote
Labour,0.40999999999999998
Conservatives,0.46999999999999997
Liberal Democrats,0.029999999999999999
Workers Party,0.059999999999999998
Others,0.02
